{
  "forward_weights": [
    [
      2.7408826479681645,
      4.291232776006797,
      -2.1626584226072447
    ],
    [
      0.9475203042992741,
      1.8004128354307012,
      -0.42292035090553926
    ],
    [
      -0.5074276748139414,
      -3.3017701366961387,
      1.9122098329956407
    ]
  ],
  "forward_bias": [
    2.492660110312253,
    1.745811660877129,
    -0.7711633127863644
  ],
  "method": "linear",
  "r2_scores": {
    "E": 0.693375224333892,
    "P": 0.32500678653721515,
    "A": 0.6915369521429785
  }
}